,uid,app_date,app_method,app_recipient,ct_credit_product,ct_guarantee,credit_purpose,amount_applied_for_flag,action_taken,census_tract_adr_type,gross_annual_revenue_flag,naics_code_flag,number_of_workers,time_in_business_type,business_ownership_status,num_principal_owners_flag,ct_loan_term_flag,denial_reasons,pricing_interest_rate_type,pricing_adj_index_name,num_principal_owners,pricing_mca_addcost_flag,po_1_ethnicity,po_1_race,po_1_gender_flag,po_2_ethnicity,po_2_race,po_2_gender_flag,po_3_ethnicity,po_3_race,po_3_gender_flag,po_4_ethnicity,po_4_race,po_4_gender_flag,ct_credit_product_ff,ct_guarantee_ff,ct_loan_term,credit_purpose_ff,amount_applied_for,amount_approved,action_taken_date,denial_reasons_ff,pricing_init_rate_period,pricing_fixed_rate,pricing_adj_margin,pricing_adj_index_name_ff,pricing_adj_index_value,pricing_origination_charges,pricing_broker_fees,pricing_initial_charges,pricing_mca_addcost,pricing_prepenalty_allowed,pricing_prepenalty_exists,census_tract_number,gross_annual_revenue,naics_code,time_in_business,po_1_ethnicity_ff,po_1_race_anai_ff,po_1_race_asian_ff,po_1_race_baa_ff,po_1_race_pi_ff,po_1_gender_ff,po_2_ethnicity_ff,po_2_race_anai_ff,po_2_race_asian_ff,po_2_race_baa_ff,po_2_race_pi_ff,po_2_gender_ff,po_3_ethnicity_ff,po_3_race_anai_ff,po_3_race_asian_ff,po_3_race_baa_ff,po_3_race_pi_ff,po_3_gender_ff,po_4_ethnicity_ff,po_4_race_anai_ff,po_4_race_asian_ff,po_4_race_baa_ff,po_4_race_pi_ff,po_4_gender_ff
0,BANK1LEIFORTEST123456TYEGA35O6IINTX21MV,20241127,4,2,4,1;4;977,5,988,4,3,900,988,988,2,3;955,988,900,999,999,999,,999,,,,,,,,,,,,,,sapien hac ligula aenean leo felis sapien urna duis mi cursus phasellus laoreet,66.0,,,,20241219,,,,,,,,,,,999,999,1234567,44457389.33,,,,,,,,,,,,,,,,,,,,,,,,,,
1,BANK1LEIFORTEST12345QHVSBVRR9,20241108,2,1,977,999,1,988,1,2,900,988,3,3,1,900,988,999,5,977,2.0,900,2,24;1;3;36;5;25;33;4;27;21,988.0,966,966,1.0,,,,,,,nunc urna nibh hendrerit consectetur congue ante urna placerat consectetur orci lacus natoque mus etiam imperdiet ridiculus metus fames sed interdum nisi sapien pretium netus massa congue nisi in est est nascetur risus cras quam amet in nunc li,,,,,33993462.0,20241228,,273.0,,5.03,netus adipiscing augue montes euismod odio faucibus risus convallis netus arcu augue semper cras in fringilla non augue fames felis at ullamcorper habitant nunc suscipit senectus massa egestas dictum egestas enim euismod lorem habitant potenti a hendrerit accumsa,,201276.24,172684.96,271974.63,348143.75,1,2,1234567,27499531.84,,,,,,,,,,,,,,felis venenatis sed nascetur dolor pharetra eros mauris blandit parturient pulvinar pe,,,,,,,,,,,,
2,BANK1LEIFORTEST12345NKK9,20241117,1,2,977,10;2;6,999,988,3,988,900,988,3,2,955,988,988,7;3,999,999,,999,,,,,,,,,,,,,consequat velit et eget elementum convallis euismod sem nam morbi leo nascetur hac ante iaculis semper leo faucibus dictumst cras volutpat magnis quis libero congue in urna porttitor condimentum arcu pretium suscipit penatibus odio luctus potenti accumsan phasellus urna vel phasellus dictum sollici,,,,,,20241129,,,,,,,,,,,999,999,1234567,18606247.53,,,,,,,,,,,,,,,,,,,,,,,,,,
3,BANK1LEIFORTEST123452AOB1H0KO1,20241110,4,1,977,8;6;10;11,7,999,3,988,988,988,9,988,1;2,900,900,9;3,999,999,2.0,999,966,33;4;43;25;1;31;971;27;26;41;972;23;5;21;37;44;3;35;36;22;32;24,1.0,14;1;11;12,988,988.0,,,,,,,cras eget semper e,,79.0,,,,20241213,,,,,,,,,,,999,999,1234567,,,,,accumsan eleifend magna neque rhoncus fames tortor habitasse libero mollis magna consequat dic,eget aenean iaculis neque varius amet eget lectus nisl auctor consequat viverra condimentum praesent sapien ante enim neque blandit vivamus varius mi porta non amet vitae sed praesent ac magnis urna lacus viverra pellentesque neque nunc turpis potenti sapi,,,erat feugiat tempor justo urna pellentesque cursus tortor consectetur accumsan fusce ridiculus fames sodales euismod tempor hendrerit ligula enim rutrum sagittis proin sagittis ridiculus facilisi metus netus risus nibh adipiscing p,,,,,,,,,,,,,,,,,,
4,BANK1LEIFORTEST12345395TT6F1VJ01HOT7,20241201,3,1,988,7,8,988,1,1,900,988,2,1,2,900,999,999,3,8,2.0,999,1,32;4;34;37;26;27;42;3;2;24;33;25;44;972;22;43;5;971;41;21;973;974;23;35;31;36,966.0,1;977;14;2;11,42;22;21;972;25;24;43;41;26;971;4;23;3;36;31;44;974,966.0,,,,,,,,,,,,18105691.0,20241205,,234.0,,9.282,,2.64,555001.08,129405.73,375118.05,,1,2,1234567,21906128.43,,51.0,,lorem magnis proin feugiat metus malesuada magna posuere felis dis ultricies imperdiet molestie sodales porta natoque porttitor ac erat lectus faucibus praesent morbi suscipit nibh vulputate leo metus felis in condimentum laoreet eleifend volutpat ultr,posuere blandit felis aenean dignissim eros quam praesent etiam tempor congue molestie ut congue vivamus convallis etiam purus urna venenatis nunc platea semper fusce acc,posuere nisi ac tristique,neque id laoreet aliquam faucibus lectus cras elementum dis,,tristique dis vitae maecenas nisl semper luctus tellus hac a in venenatis facilisi volutpat enim facilisi mauris laoreet lectus aliquam sem nec risus libero blandit malesua,non risus commodo porta imperdiet sollicitudin lectus ridiculus libero facilisis accumsan quis dignissim condimentum cum sodales placerat fermentum neque libero ligula maecenas ultrices amet consequat auctor dui fermentum cras facilisi tempus sodal,bibendum mus tempor quam nulla mi suscipit auctor hac tortor viverra ligula iaculis sodales eleifend integer varius justo purus leo convallis nisl luctus mollis purus luctus consectetur nullam odio sollicitudin dolor feugiat morbi nullam tor,,ante vestibulum ornare potenti quisque euismod aliquet proin habitasse pretium auctor suspendisse aenean feugiat arcu aliquet tempor platea in condimentum risus platea iaculis lorem hac fames netus adipiscing al,,,,,,,,,,,,,
5,BANK1LEIFORTEST123454UBPCE87V6WH4,20241125,1,1,977,1;2;977,3;6,999,2,988,988,900,4,2,3,900,999,999,3,6,2.0,900,988,24;36;42;2;25;35;1;5;26;34;21;973,1.0,13;977;11,23;41;32;26,966.0,,,,,,,justo arcu aliquet tellus fusce hendrerit nisl feugiat natoque turpis facilisis maecenas accumsan quam proin nullam vivamus adipiscing cras aenean blandit vivamus fringilla porta gravida condimentum nunc adipiscing malesuada leo nec magna proin ante dolor et sed morbi leo pe,feugiat accumsan in et magnis risus vivamus rutrum arcu netus posuere habitasse potenti bibendum leo tellus cum augue accumsan elementum ullamcorper commodo felis iaculis platea nibh sapien arcu justo iaculis blandit libero duis nascetur viverra sagittis proin,,,,48625679.0,20241130,,102.0,,12.725,,11.235,555886.9,134215.97,233291.64,314343.53,2,2,1234567,,922.0,,,,,mauris fames auctor varius sagittis nunc metus etiam sociis laoreet lectus ridiculus mauris nulla luctus id vitae tortor habitant libero arcu felis quis enim aliquet fermentum auctor gravida fermentum sollicitudin potenti dui donec dis nunc ligula justo cursus ve,,ultricies vivamus maecenas convallis pretium montes morbi volutpat ornare enim rhoncus commodo ornare curabitur lacus fermentum nunc condimentum lacinia or,commodo natoque aenean in elementum integer ligula rhoncus id scelerisque nibh hendrerit diam facilisis neque molestie consectetur et tincidunt placerat ipsum senectus mollis amet accumsan augue suspendisse magna amet nulla sagittis consequat auctor se,,,,,,,,,,,,,,,,,
6,BANK1LEIFORTEST123453ISBKITZWUKGAQU,20241029,2,1,977,1;3,6,900,2,988,900,900,4,988,1,900,999,999,4,999,0.0,900,,,,,,,,,,,,,dictum fauc,,,,9317877.0,40176734.0,20241117,,90.0,4.376,,,,214644.98,154236.01,469103.77,275595.15,1,2,1234567,45924052.71,449.0,,,,,,,,,,,,,,,,,,,,,,,,,
7,BANK1LEIFORTEST12345PD8APXBN4,20241108,3,1,6,4;11,9;7,999,1,3,900,900,7,2,1;2,900,900,999,3,977,0.0,999,,,,,,,,,,,,,,,32.0,,,18761421.0,20241123,,304.0,,10.519,montes platea mauris nullam fusce aenean in semper aliquet nunc viverra laoreet quis consequat duis suscipit imperdiet done,5.545,281087.67,184842.64,239834.5,,2,1,1234567,24297382.69,456.0,,,,,,,,,,,,,,,,,,,,,,,,,
8,BANK1LEIFORTEST123451NYTNXPWOJDABRB38DDSV8T0,20241106,3,1,977,2,999,999,2,3,900,900,3,988,1;3,900,999,999,4,999,0.0,900,,,,,,,,,,,,,amet pellentesque eget ultricies condimentum tristique ornare natoque adipiscing leo consequat fermentum sem bibendum at magna vitae varius diam ultrices quisque nibh eu urna magnis lorem d,,,,,25848991.0,20241223,,436.0,9.734,,,,204078.57,297507.49,261107.31,184100.93,2,1,1234567,22126709.1,516.0,,,,,,,,,,,,,,,,,,,,,,,,,
9,BANK1LEIFORTEST1234572YZHQD121SK3HER86WI59,20241105,1,2,6,5;1;2;8,9;2,988,1,3,900,900,2,988,966,900,988,999,4,999,2.0,999,13;2;12;1,973;43,988.0,977;2;14;12,25;3;33;26;973;4;1;37,1.0,,,,,,,,,,,,29065835.0,20241204,,459.0,2.262,,,,342568.12,456376.91,385824.89,,1,1,1234567,19643530.03,926.0,,,,,ligula ante et quis turpis ven,,,porttitor tristique sapien tempus morbi commodo purus vestibulum congue nam blandit pulvinar ac dis felis sem mauris suscipit interdu,,,convallis diam iaculis pharetra rhoncus venenatis vulputate viverra auctor lacus nisl sociis ac volutpat facilisis non nisl nec aenean aliquet lorem elementum ligula posuere suspendi,,odio consequat ornare luctus justo pretium volutpat porta senectus imperdiet parturient cras vel eleifend euismod pretium rhoncus in sit sollicitudin condimentum integer aenean feugiat potenti fermentum consectetur arcu bibendum orci mauris lobort,,,,,,,,,,,,
10,BANK1LEIFORTEST12345MSPMC823U,20241113,2,1,8,3;2;10;8,3;11,900,5,1,900,900,6,1,2,900,999,999,999,999,2.0,999,988,43;27;23;971;21;35;972;973;22;26;36;24;25;32;41;33;31;34;4;5,966.0,977;11;1;13,37;43;3;31;1;36;5;33;974;27;26,966.0,,,,,,,,,,,20914975.0,,20241222,,,,,,,,,,,999,999,1234567,28951767.61,485.0,52.0,,a nullam montes viverra mus nunc est suscipit hac leo tristique vestibulum commodo malesuada risus euismod facilisis a mi magna suspendisse ultrices purus sodales platea potenti vestibulum pretium potenti consequat posu,fusce ornare ut vivamus varius fringilla lacinia nullam scelerisque nisl suspendisse arcu malesuada velit integer magnis euismod dictum porta amet habitant proin quam lacinia placerat lectus suscipit lacus velit duis males,netus condimentum pharetra dictum feugiat convallis penatibus duis magnis etiam pretium sed metus dui bibendum proin interdum condimentum massa rutrum quisque lorem nullam nisi nullam suscipit vestib,,,senectus pharetr,,,,donec facilisis etiam nec sem suspendisse ante feugiat cras facilisis pharetra eget auctor don,,,,,,,,,,,,,
11,BANK1LEIFORTEST12345XOBN5JW5LBNVHHHYH8T1M3MWM,20241117,3,1,8,977;10;2,999,999,5,2,900,900,6,3,966,988,988,999,999,999,,999,,,,,,,,,,,,,,tristique mauris blandit ultricies venenatis mus odio nascetur duis sed sodales arcu ut con,,,,,20241213,,,,,,,,,,,999,999,1234567,25510813.32,811.0,,,,,,,,,,,,,,,,,,,,,,,,,
12,BANK1LEIFORTEST12345ZOKNEEU,20241022,3,1,977,999,999,988,3,1,900,988,9,3,2;1,988,900,3;7,999,999,,999,,,,,,,,,,,,,vivamus venenatis potenti tortor praesent,,48.0,,,,20241215,,,,,,,,,,,999,999,1234567,23047138.3,,,,,,,,,,,,,,,,,,,,,,,,,,
13,BANK1LEIFORTEST12345A62GL3LLU,20241128,4,2,7,9;6;3;4,988,988,5,3,988,900,8,988,3;955,900,999,999,999,999,4.0,999,1;977;14,988,1.0,977;13;2;1,27;23;26;5;25;44;36;41;34;4;37;3;972;971;43;2;973;35;33;31;1;24,966.0,13;1;977,35;27;41;3;2;23;43;42;5;33;34;25;37,1.0,1;2;14;12,971;34,966.0,,,,,,,20241204,,,,,,,,,,,999,999,1234567,,312.0,,lectus tempor consequat amet neque elementum duis augue erat venenatis condimentum pulvinar commodo tincidunt id vestibulum nisl id facilisis ac feugiat posuere senectus proin justo scelerisque fames etiam integer leo ultricies non quis adipiscing ultrices massa est tellus,,,,,penatibus placerat eu adipiscing parturient proin rutrum posuere feugiat scelerisque imperdiet sollicitudin amet id lacus pharetra elementum tempus porttitor consequat turpis malesuada convallis tempus s,semper metus augue integer netus fringilla quisque nascetur id neque eget in sollicitudin scelerisque id augue tristique nam eleifend quis felis lacinia vivamus massa ligula mi auctor sodales pretium pulvinar nisl arcu tellus facilisi laoreet semper ligula ,neque ac natoque tortor pulvinar cursus facilisi lacinia ultrices ligula sollicitudin condimentum velit etiam dignissim congue turpis ut sapien maecenas orci vestibulum ut a scelerisque morbi quis montes habitasse rhoncus s,dictum fusce eros morbi massa duis risus interdum risus risus neque ridiculus quam facilisi nulla id amet faucibus convall,fusce ac sit aliquet quisque eget dolor maecenas dictum porttitor dignissim consequat at donec congue erat pretium nibh duis imperdiet varius quam dis facilisis pulvinar vivamus molestie aliquet orci ipsum fames ipsum commodo vulputate malesuada volu,,,gravida sapien eget est ultrices nullam consectetur viverra eleifend metus eros quisque ultricies nam ipsum sed lectus nunc venenatis leo et tortor laoreet duis nibh aliquam pu,,,,,sociis gravida egestas dictumst a volutpat molestie nec porta quis dis eget suscipit dis ridiculus laoreet sociis dui consectetur molestie sodales magna augue nisi arcu lectus bibendum eu sit euismod netus morbi non sociis pulvinar nibh lorem sodales erat penatibus suscipit egestas turpis ull,,urna sociis vivamus nisl massa ante diam facilisi commodo lacinia facilisi,,,,
14,BANK1LEIFORTEST12345PGUPTEX5ZI,20241111,4,2,1,7;3,7;6,988,3,1,988,988,5,2,955;3,988,988,1;3,999,999,,999,,,,,,,,,,,,,,,,,,,20241206,,,,,,,,,,,999,999,1234567,,,,,,,,,,,,,,,,,,,,,,,,,,,
15,BANK1LEIFORTEST123456Y5VM5HGADGDLQNHFYA,20241106,3,1,4,999,9;8,999,1,1,988,988,9,2,1;2,900,900,999,3,977,2.0,999,13;2;977;14,24;41;3;37;2;44;22;43;27;972;5;25;971;26;32;4;31;974;34;36;42;973,988.0,12;14;977,43;3;971;36;41;24;34;35;974;26;32;1;5;972,1.0,,,,,,,,,66.0,,,32497703.0,20241207,,334.0,,8.266,lacus convallis ullamcorper sit felis arcu fames id lorem,14.686,193097.54,292571.03,188946.84,,1,1,1234567,,,,orci elit ac mi nascetur penatibus imperdiet ultricies platea feugiat tristique sem nisl tellus rhoncus parturient fusce ligula sed penatibus nec dui suspendisse posuere bibendum scelerisque nascetur dolor tempus purus dolor enim eget vivamus molestie dolo,sem tellus orci et tempor blandit faucibus mus viverra duis semper platea dictumst cursus molestie a mollis di,id sit venenatis lacinia dis auctor sagit,rhoncus porta pulvinar phasellus hac vel laoreet duis consequat suspendisse dictumst vel mauris cras pharetra eu,id gravida euismod faucibus dis ac fringilla facilisis erat sollicitudin facilisi odio consequat habitant laoreet vulputate scelerisque lacus praesent congue id ultricies venenatis hendrerit posuere nullam eget parturient pulvinar sit arcu placerat sapien vul,,dignissim quis consequat facilisi nisl hac morbi sed etiam at lectus commodo lacinia viverra fermentum quisque bibendum nisl interdum magna massa ullamcorper aenean condimentum odio vulputate curabitur dui tellus eu fringilla varius semper diam duis dis hendrerit lobortis tincidunt pulvinar fel,convallis venenatis euismod aenean consectetur adipiscing odio ac mi sollicitudin suspendisse fringilla urna risus lacus luctus venenatis laoreet euismod quisque turpis aliquam dui nisi porttitor odio cursus donec augue nisi congue et nunc libero massa dis vitae metus m,habitant rutrum tempus enim purus ,,nascetur imperdiet lectus habitant suspendisse feugiat pulvinar a felis dignissim platea rutrum morbi mollis j,donec malesuada suspendisse ligula maecenas accumsan fames leo dictum auctor dictumst elementum lobortis porta laoreet odio ,,,,,,,,,,,,
16,BANK1LEIFORTEST123450PSWCR3YMU,20241201,3,1,7,7;2;977,7;9,999,3,2,900,900,3,988,955,900,988,3;8,999,999,1.0,999,966,35;1;25;31;972;37;971;34;5;4;24;27,1.0,,,,,,,,,,,ultrices natoque lacus maecenas purus eleifend tempus proin et dis turpis sollicitudin laoreet mollis felis neque duis ultricies hac justo fermentum nascetur nascetu,,,,,20241204,,,,,,,,,,,999,999,1234567,20210034.59,321.0,,,sagittis scelerisque integer cursus consectetur semper est senectus ornare cum bibendum ante nam eu gravida proin iaculis vulputate sed platea mauris netus dignissim sem consectetur condimentum interdum imperdiet convallis scelerisque ne,purus elementum et augue nisl iaculis euismod quam convallis odio accumsan al,,,ut lorem scelerisque erat augue suscipit a interdum bib,,,,,,,,,,,,,,,,,,
17,BANK1LEIFORTEST12345PC5F3LEPHUYACURCCO2UYGDT,20241126,2,2,977,10,999,988,5,1,988,988,988,3,955;1,900,988,999,999,999,2.0,999,14;13;1;12;2,988,966.0,966,36;971;1;2;41;37;972;5;32;31;27;43,966.0,,,,,,,consectetur porttitor maecenas congue tempus malesuada pulvinar facilisi auctor egestas fringilla dui magnis parturient amet senectus eleifend luctus vitae lectus dui nulla magna faucibus tellus scelerisque vitae urna ac vel susci,,,,,,20241223,,,,,,,,,,,999,999,1234567,,,,,,,,,,,vivamus suspendisse hendrerit habitant sapien magna interdum ridiculus fusce accumsan curabitur nibh ipsum dictumst hac ,libero bibendum risus molestie eros massa quam dignissim hen,,,,,,,,,,,,,,,
18,BANK1LEIFORTEST123458OYZBZMFDV785C2YMK,20241113,3,1,977,999,977;9,999,5,1,900,900,988,1,1;3,988,900,999,999,999,,999,,,,,,,,,,,,,lobortis luctus posuere parturient ipsum accumsan accumsan vestibulum lacinia pretium interdum cum n,,62.0,quis pretium lacus nisl cum dis tempus est metus aenean imperdiet dictumst ultricies maecenas feugiat facilisi commodo rutrum viverra gravida tempus senectus dui purus integer urna ipsum nullam mauris maecenas convallis hac luctus facilisi ,,,20241125,,,,,,,,,,,999,999,1234567,60549026.38,523.0,66.0,,,,,,,,,,,,,,,,,,,,,,,,
19,BANK1LEIFORTEST12345E6CRPE02G0,20241114,3,1,3,999,7,999,3,988,900,900,1,988,3,988,988,977;8;5,999,999,,999,,,,,,,,,,,,,,,,,,,20241116,ut vitae suscipit lacus turpis erat eget quam eros erat dolor sociis ultricies integer,,,,,,,,,,999,999,1234567,41348977.7,922.0,,,,,,,,,,,,,,,,,,,,,,,,,
20,BANK1LEIFORTEST123450,20241121,2,2,977,3;6;1;11,9;5,999,4,2,988,988,6,3,1;3,900,900,999,999,999,4.0,999,2,973;25;971;36;22;4;42;34;35;23;44;974;33;24;2;1;21;3;27;37;972;26;32;43,966.0,977;1;12,3;42;37;24;34;974;25;973;2;27;26;971;41;4;43,1.0,2;977;13,966,966.0,14;12;13,988,966.0,justo sodales non penatibus quisque a,,45.0,,,,20241224,,,,,,,,,,,999,999,1234567,,,,,adipiscing cum auctor rhoncus vestibulum mus quam natoque auctor lacus fusce donec ultrices bibendum iaculis ornare ullamcorper dis quis turpis eros ligula ullamcorper nunc phasellus in dolor tellus sollicitudin fusce proin aliquam pelle,mattis venenatis metus risus quisque urna mi maecenas facilisi justo fusce quam porttitor penatibus lectus nibh libero leo nec magna aliquet luctus a facilisi neque magna proin vestibulum dictumst aliquet ligula dictumst suscipit tristique netus libero enim porttitor moles,mollis molestie quam vulputate tellus nascetur curabitur vitae sociis libero tempor consequat velit felis ullamcorper nibh potenti turpis mi felis maecenas ultri,porta arcu arcu dis hac fermentum accu,,fames mi dis aenean urna cras sapien pellentesque duis praesent ultricies venenatis scelerisque pulvinar consectetur pharetra tellus orci leo,scelerisque habitasse vel leo sodales arcu amet vel curabitur suscipit est diam orci diam nullam ornare arcu et lobortis lectus justo arcu viverra viverra sagittis faucibus nec nisi dui justo habitasse auctor hac tristiq,,rutrum nibh ipsum ornare neque nulla dictum metus porttitor quam nam dignissim pretium sodales imperdiet maecenas congue est molestie penatibus mauris at lacus fames aenean ac at velit habitasse quisque velit cum nisl blandit tempor nibh elementum c,vitae egestas tincidunt fermentum ultricies habitasse at semper sed blandit nec mauris mauris quam dui at euismod dolor porta sagittis non donec eleifend sollicitudin risus arc,proin nunc placerat mollis tempor nisl magnis maecenas ornare dolor massa lobortis varius euismod etiam blandit nunc non ipsum egestas sociis semper bibendum a,dictum mi est laoreet suspendisse lectus morbi fermentum augue nam dis tellus bibendum volutpat pretium dignissim interdum vitae velit auctor maece,,,,,,,,,,,
21,BANK1LEIFORTEST123457UENYF36IL5QGFCFOWO9THE,20241119,4,2,5,8,3;2,900,3,3,900,988,9,988,966,900,999,7;3,999,999,1.0,999,966,3;31;41;43;971;4;21,988.0,,,,,,,,,,,,,,15653159.0,,20241207,,,,,,,,,,,999,999,1234567,23687116.83,,,,mi fringilla sociis facilisis leo ac dignissim phasellus rutrum aenean adipiscing elit congue non ultrices et tristique orci nullam at felis non leo fringilla congue molestie placerat convallis platea hend,,,,,,,,,,,,,,,,,,,,,,
22,BANK1LEIFORTEST12345FW6,20241112,3,1,5,999,2;3,999,5,2,900,988,3,2,1,900,900,999,999,999,0.0,999,,,,,,,,,,,,,,,72.0,,,,20241130,,,,,,,,,,,999,999,1234567,22362240.5,,,,,,,,,,,,,,,,,,,,,,,,,,
23,BANK1LEIFORTEST1234546VJ080MYUI6,20241031,3,1,977,11;10;8,988,900,1,2,988,988,3,988,988,900,999,999,2,999,1.0,900,2,26,1.0,,,,,,,,,,viverra ullamcorper placerat molestie ante nascetur nunc placerat mollis lacus tellus congue imperdiet blandit velit fusce phasellus enim mauris vulputate adipiscing tellus,,,,27871568.0,31778467.0,20241102,,,12.109,,,,293578.45,223686.12,659663.57,145044.19,1,2,1234567,,,,,,,,,ut ultrices habitasse parturient metus laoreet viverra eros dignissim varius habitant lacus pulvinar magnis suscipit eleifend vulputate libero sem adipiscing montes ullamcorper porttitor vel a gravida sit pellentesque ultricies egestas potenti proin rutru,,,,,,,,,,,,,,,,,,
24,BANK1LEIFORTEST12345L2EQ72TXCPCT,20241219,3,2,977,8,5;6,999,5,988,988,900,9,3,1;955,900,900,999,999,999,4.0,999,977;14,966,1.0,14;12,966,966.0,13;977;1;2,4;34,988.0,2;977;14;1,966,966.0,porttitor integer donec pharetra nibh nisl euismod nec etiam euismod purus ullamcorper venenatis parturient maecenas cursus velit vitae accumsan ornare eleifend accumsan eget ,,60.0,,,,20241228,,,,,,,,,,,999,999,1234567,,523.0,,adipiscing libero vestibulum imperdiet elementum imperdiet ipsum gravida arcu vel penatibus neque tortor hac lobortis habitasse facilisis diam habitant aliquam curabitur condimentum eu ante eget rutrum cras hendrerit lacinia volutpat euismod curabitur velit arcu netus dui felis et,,,,,ullamcorper pellentesque aliquet senectus mauris id vulputate adipiscing vestibulum sit bibendum facilisis hendrerit ac luctus porta netus nibh mattis ridiculus bibendum ut vulputate lectus luctus posuere donec tempor volutpat sociis fames nunc augue tortor pellentesque facilisis donec nibh,,,,,,,natoque semper cras urna viverra eros gravida erat justo interdum a porttitor cras lectus mollis rutrum ante molestie feugiat arcu dolor aenean magna rutrum ultricies mauris risus mi fermentum nullam venenatis viverra fa,,,,,,euismod magnis dolor elementum amet ante id faucibus mi sagittis dictum nam enim et dolor ipsum duis integer proin elementum iaculis odio a malesuada habitasse potenti ut bi,,,,,
25,BANK1LEIFORTEST12345EFS6KG1,20241124,3,2,1,1;8;6;9,8,988,3,3,900,988,6,2,2;1,900,988,2;977,999,999,4.0,999,13;14;11;12;977,24;33;26;972;41;37;44;31;971;3;22;42;34;974;32;36,1.0,13;2;11,43;37;974;5;971;31;973;26;972;33;34;27;44;42;2;21;22;25,1.0,1;2;11;14;13,32;3;43;26;25;24;5;34;36;4;973;37;972;42;23;27;31;21;41;1;33;35;971;22;2,966.0,13,988,1.0,,,,,,,20241125,penatibus magnis penatibus dictum massa aliquet vitae elementum fa,,,,,,,,,,999,999,1234567,55770516.21,,,porttitor varius hendrerit blandit ligula consequ,ac dui suscipit vel dui dictum parturient a parturient leo dictum porta mus sodales magnis nec turpis vivamus lorem orci fringilla tellus fusce nec tellus integer dignissim penatibus leo dis dui arcu facilisis tellus vulputate quis fames non penatibus eu mus praesent velit sene,sagittis mauris vestibulum quisque proin lobortis ut dictumst scelerisque sed suscipit ornare fusce amet facilisi aenean ante etiam nibh diam facilisis cursus etiam augue neque leo potenti lobortis vivamus fringilla pulvinar sceler,,magna ridiculus mollis ridiculus placerat lobo,eleifend condimentum nec mattis,,felis mattis penatibus viverra facilisis quis sollicitudin tempus volutpat justo odio rhoncus vulputate accumsan potenti pellentesque convallis tortor tristique sollicitudin erat feugiat urna et risus cursus ,porttitor vitae augue eget egestas tristique urna tristique sapien ullamcorper li,justo natoque ullamcorper fermentum pharetra venenatis sapien nullam maecenas pretium diam turpis suscipit eleifend imperdiet nascetur pharetra sagittis facilisis pellentesque cras pretium adipiscing vestibulum iaculis vivamus pharetra aliquam et natoque tellus lobortis hendr,risus aenean arcu in rutrum rhoncus dis fusce dictum eros morbi ,est placerat co,,tempor parturient accumsan suscipit mollis ornare risus ac mollis eleifend auctor tortor donec volutpat ,maecenas faucibus aliquet felis sapien lectus venenatis ligula tempor phasellus condimentu,sed habitasse in morbi consectetur quis cursus posuere dolor turpis nullam eleifend dignissim montes quisque ullamcorper libero sem porta erat euismod proin vestibulum lorem duis hendrerit ,,,,,,,,aliquet auctor duis luctus senectus enim fusce hac fusce platea sodales sociis purus sociis suspendisse turpis odio montes non penatibus libero consectetur magna tempor nascetur fames venenatis ipsum elit facilisi ullam
26,BANK1LEIFORTEST12345FOLR2KQFDQJ8,20241025,3,2,1,10,10;2,988,5,3,900,900,3,988,955;3,900,988,999,999,999,0.0,999,,,,,,,,,,,,,,,,,,,20241215,,,,,,,,,,,999,999,1234567,14485181.93,236.0,,,,,,,,,,,,,,,,,,,,,,,,,
27,BANK1LEIFORTEST12345ZAN,20241120,3,2,3,9,999,900,4,2,900,900,1,2,3,900,900,999,999,999,3.0,999,2,966,988.0,966,44;21;974;41;26;973;5;37;42;22;31;27;971;32;43;25;23;972;3;33;34;4;2;36;24,966.0,,,,,,,,,71.0,,19540470.0,,20241228,,,,,,,,,,,999,999,1234567,39231549.23,459.0,,,,,,,,,scelerisque ullamcorper montes netus tortor augue dictumst vivamus sociis aliquet lorem magna venenatis commodo purus phasellus mus ultricies tincidunt etiam cum fermentum fringilla nullam ornare consequat orci morbi accumsan tortor malesuada pulvinar laoreet et diam eros lorem t,quisque potenti augue fames ipsum consequat iaculis vitae sit sollicitudin hendrerit malesuada natoque platea vestibulum facilisi vel auctor ,luctus facilisis nulla fusce magnis pretium libero accumsan iaculis metus auctor ut ligula placerat auctor egestas quis iaculis adipiscing et non sollicitudin non vestibulum adipiscing fringilla hendrerit purus et bibendum consectetur senectus ultr,hendrerit aenean etia,,,,,,,,,,,,,
28,BANK1LEIFORTEST1234587MF618CWIZROFE7SKS2C,20241113,2,1,5,6;10,7,900,2,2,900,900,988,988,2;955,900,900,999,1,3,1.0,999,12;1;977;13;11,22;35;2;972;32;974;1;43;24,988.0,,,,,,,,,,,,32.0,,32813698.0,27330963.0,20241125,,,,9.572,,9.022,279836.08,241318.31,505167.52,,1,2,1234567,36859871.46,485.0,,mattis euismod aenean sit accumsan adipiscing ipsum auctor ut posuere amet condimentum enim sapien fames augue pulvinar consectetur mattis elit varius malesuada nullam leo netus tempor ipsum cursus non molestie tortor orci sapien cursus ult,,pellentesque fames quis suscipit imperdiet vulputa,,praesent varius arcu suscipit tempus blandit potenti hendrerit amet orci elit leo praesent nascetur hac eros convallis varius sed vel imperdiet eleifend sapien suspendisse lobor,,,,,,,,,,,,,,,,,,,
29,BANK1LEIFORTEST123451OO2I578TFWCV8RSVC3K5,20241111,3,2,3,8,988,988,4,1,988,988,988,988,1,988,999,999,999,999,,999,,,,,,,,,,,,,,,,,,,20241116,,,,,,,,,,,999,999,1234567,,,,,,,,,,,,,,,,,,,,,,,,,,,
30,BANK1LEIFORTEST12345WQTILRDRGR9QSOVU5QXZWHBP,20241110,3,2,977,5;11;8;10,10,900,3,2,988,900,3,1,3,988,999,6;8;3,999,999,,999,,,,,,,,,,,,,pellentesque amet dis orci magna tincidunt nullam sodales etiam sed erat eu curabitur sociis consequat in ullamcorper rhoncus bibendum augue odio montes mi orci,,,,33137021.0,,20241205,,,,,,,,,,,999,999,1234567,,423.0,35.0,,,,,,,,,,,,,,,,,,,,,,,,
31,BANK1LEIFORTEST12345USIL62DFWP76PN,20241116,3,2,1,6;2,8;5,988,1,1,900,988,5,3,966,900,988,999,2,999,2.0,999,14;2;11;1,972;34,966.0,1;11;977;14,34;43;32;27;971;35;22;24;42;44;23;33;26;972;974;4;2;41;5,988.0,,,,,,,,,,,,27547711.0,20241116,,,7.195,,,,341810.72,189861.67,279697.38,,2,2,1234567,38266921.09,,,,,a adipiscing at mauris mauris gravida fringilla maecenas eleifend feugiat nam turpis rutrum nisi tristique egestas pharetra dignissim purus enim elementum imperdiet pulvinar consectetur qui,,,,tempor risus ut at lobortis rutrum et integer egestas ultrices natoque augue a at sociis nulla netus consectet,pellentesque arcu nullam lectus cum mollis facilisi ridiculus luctus quis mus lorem non et non dis laoreet varius varius elementum cursus posuere penatibus blandit tincidunt ante ultrices ultrices natoque vel convallis elit facilisi ,nunc nisl mollis integer parturient ultrices hendrerit luctus volutpat laoreet auctor sapien nis,,sollicitudin ultricies dis dui dignissim parturient maecenas erat lacinia interdum pellentesque montes dolor nam mi dictum ut ultricies suscipit ac ridiculus vulputate viverra faucibus potenti plate,,,,,,,,,,,,,
32,BANK1LEIFORTEST12345Y2,20241118,3,1,7,8;1;4,6,999,2,988,900,988,1,2,966,900,900,999,2,999,0.0,900,,,,,,,,,,,,,,,65.0,,,22203373.0,20241223,,,17.913,,,,375553.41,144789.88,201114.13,89280.02,1,1,1234567,34429546.26,,,,,,,,,,,,,,,,,,,,,,,,,,
33,BANK1LEIFORTEST12345GGLE0UE61ZVWM,20241204,3,2,977,999,11,988,1,2,988,988,6,3,3,900,900,999,6,999,3.0,900,977;14,33;21;5;2;41;35;43;25;37;31;1;971;3;24;36;972;973;22;23;974;42,988.0,12;977;13;2;1,43;972;41;974;3;973;25;31;23;34;21;36;22;44;2;32;5;1;24,988.0,,,,,,,augue penatibus varius adipiscing cursus phasellus lorem facilisis purus magnis aenean ut purus egestas consequat laoreet placerat sollicitudin tempus ae,,67.0,,,35714821.0,20241213,,350.0,13.286,,,,76943.16,533512.33,211358.51,276421.08,1,1,1234567,,,,etiam natoque fusce habit,facilisis dignissim egestas purus vestibulum egestas condimentum iaculis nec vestibulum libero lorem eu magna amet at nu,lectus platea platea eu ultricies lorem bibendum mattis elit suspendisse faucibus dolor vulputate nascetur orci nisi facilisis euismod dolor vitae facilisi ultrices dolor ultricies nibh tempor tempus proin semper hendrerit magna id in leo tincid,mauris lacus justo vitae venenatis felis proin convallis amet maecenas netus massa tempus luctus ,aenean odio vulputate diam eu euismod dignissim venenatis interdum dolor montes phasellus erat placerat sagittis platea curabitur justo sodales leo orci gravida vestibulum erat cursus molestie orci scel,,arcu ridiculus mus est quisque enim suspendisse ipsum sollicitudin scelerisque mi facilisi ipsum magna tempor sit malesuada risus semper non libero varius ipsum volutpat ligula varius pulvinar porttitor integer laoreet luctus quam habitant sodales facilisi s,,integer risus dignissim quam natoque vitae nisi leo sapien odio molestie parturient porttitor mollis sociis eu nam tristique sodales quam dignissim lacus nullam commodo quis purus placerat vestibulum interdum vivamus cursus laoreet nullam potenti fames praesent proin viva,purus luctus erat dolor sit metus sodales arcu lobortis eros arcu purus e,pulvinar ,,,,,,,,,,,,,
34,BANK1LEIFORTEST123454D6TAXW1P5OK,20241027,3,2,977,10;9,999,988,2,2,988,900,2,988,3;955,900,988,999,5,8,1.0,900,1;13,1;43;41;971;972;22;44;23;2;4;27;36;25;3;34;24;33;973,966.0,,,,,,,,,,odio fringilla neque fringilla dui lacinia mi donec velit bibendum neque nunc dictum ornare vivamus eu urna magnis justo sodales elit bibendum proin ,,,,,27037828.0,20241228,,164.0,,5.853,,,424414.83,288971.75,267720.0,294084.24,1,2,1234567,,314.0,,,dui purus tortor amet pulvinar metus cum duis habitant varius fusce massa mattis feugiat lacus luctus feugiat semper nascetur nullam rutrum tincidunt sapien ullamcorper duis consequat purus curabitur viverra imperdiet turpis,vitae metus nunc egestas dui metus nisl vulputate eros libero maecenas pretium pretium fringilla consectetur duis vel eleifend dis vestibulum rutrum suspendisse tortor aliquam fusce nullam nisi etiam sit vel placerat convallis donec a place,malesuada nisi condimentum sit sagittis interdum tincidunt cum vel turpi,,,,,,,,,,,,,,,,,,,,
35,BANK1LEIFORTEST12345OQ92ZATIE9RMHRJQTMF9W,20241111,2,1,988,4;11;9,10,900,1,2,900,988,4,3,3,988,999,999,5,977,,999,,,,,,,,,,,,,,,,,16184649.0,22917336.0,20241208,,285.0,,6.374,tincidunt tortor molestie accumsan quisque nullam phasellus tincidu,,210636.99,166635.21,235624.82,,2,2,1234567,50690742.0,,,,,,,,,,,,,,,,,,,,,,,,,,
36,BANK1LEIFORTEST12345RIR79WSUGSTCHW7CRW,20241031,3,2,977,8;1;9,9,999,5,1,900,900,988,988,3;1,900,999,999,999,999,1.0,999,11,988,1.0,,,,,,,,,,sit iaculis morbi ultrices lectus congue porttitor blandit ultrice,,,,,,20241225,,,,,,,,,,,999,999,1234567,48607608.36,523.0,,,,,,,aenean volutpat tincidunt ligula turpis habitant malesuada etiam arcu volutpat velit integer varius mauris molestie volutpat imperdiet cursus fringilla donec,,,,,,,,,,,,,,,,,,
37,BANK1LEIFORTEST12345AXYBSATZRA7F0GN51,20241015,3,1,977,5;6,11,900,5,3,988,988,9,2,3;1,988,988,999,999,999,,999,,,,,,,,,,,,,odio nulla vitae volutpat id pretium dignissim pellentesque dictumst lorem integer auctor pharetra commodo adipiscing ligula felis quam mauris diam elementum volutpat nunc erat hac netus lacus dictumst mi ipsum fa,,,,22929443.0,,20241230,,,,,,,,,,,999,999,1234567,,,,,,,,,,,,,,,,,,,,,,,,,,,
38,BANK1LEIFORTEST12345T37CK7J1T78TLX05GS1,20241104,3,1,977,10;977;7,988,988,5,1,900,900,2,3,955,988,988,999,999,999,,999,,,,,,,,,,,,,tempor neque vitae nullam euismod quam facilisis sapien lacus leo ultrices porttitor at diam nisl aliquet sodales bibendum ullamcorper tortor hendrerit nascetur ullamcorper interdum fames eleifend dictum ultrices lobortis consequat pretium placerat cursus p,proin dolor a ut nibh nam urna accumsan facilisis magnis felis imperdiet lobortis molestie congue integer lacus habitant quam eros ac dictum ornare ut fames aliquet commodo fringilla consectetur fringilla fringilla nec ipsum dignissim vitae eros lacinia condi,,,,,20241209,,,,,,,,,,,999,999,1234567,20883026.91,722.0,,,,,,,,,,,,,,,,,,,,,,,,,
39,BANK1LEIFORTEST12345ZJL6FIQIBM7YVB98ICES,20241127,3,2,1,11;10;1;977,988,999,2,2,988,900,1,3,966,900,988,999,1,5,2.0,999,12,27;36;42;23;1;34;43;3;971;973;972;25;33;22;31;24;2;41;5;21;35;4;32,1.0,12;14,988,966.0,,,,,,,,posuere fusce nam nulla habitant placerat consectetur volutpat dis nec metus facilisi etiam porttitor tortor dictum porta fringilla netus tempus accumsan nulla ligula quam at porttito,,,,61304381.0,20241226,,,,6.86,,8.851,194809.65,225783.58,128551.81,,2,2,1234567,,921.0,,,porttitor orci nibh sapien condimentum lorem blandit adipiscing vitae potenti suscipit dolor ,lorem phasellus vitae lobortis fusce mauris aliquam bibendum ornare amet phasellus elementum odio laoreet ut hendrerit nibh ul,tempor at tem,,eleifend fe,,,,,,,,,,,,,,,,,,
40,BANK1LEIFORTEST12345UYF4RVN6O,20241112,3,2,977,5,999,999,5,988,900,900,988,1,2;955,988,900,999,999,999,,999,,,,,,,,,,,,,metus,,31.0,,,,20241228,,,,,,,,,,,999,999,1234567,31797028.57,712.0,57.0,,,,,,,,,,,,,,,,,,,,,,,,
41,BANK1LEIFORTEST123451S1L2WDHKWGR2A0YPU2E,20241104,3,1,977,11;4,2,999,2,1,988,900,8,1,1;3,988,999,999,5,1,,900,,,,,,,,,,,,,purus quisque enim nibh consequat sit duis al,,,,,17510601.0,20241109,,327.0,,6.274,,,184765.09,214142.41,161439.99,473594.13,2,2,1234567,,491.0,42.0,,,,,,,,,,,,,,,,,,,,,,,,
42,BANK1LEIFORTEST12345Z5C43DAZCBVPSGZ87Y8TM0P,20241124,3,2,988,6;10;9,5;4,999,1,2,900,900,9,2,3;1,988,999,999,3,977,,999,,,,,,,,,,,,,,,,,,13928344.0,20241204,,465.0,,10.643,ornare tellus sapien neque aliquet consequat gravida odio et quam consequat nibh egestas pulvinar ridiculus semper penatibus nunc feugiat felis quisque non facilisis aliquam mauris ornare consequat parturient placerat posuere dictum,10.795,138342.76,297635.35,229975.72,,2,1,1234567,16059879.51,336.0,,,,,,,,,,,,,,,,,,,,,,,,,
43,BANK1LEIFORTEST12345RLC3BKSNXL35DJ,20241114,3,1,6,999,10;1,900,5,3,988,988,6,3,2;3,900,900,999,999,999,1.0,999,1;12;977;2;11,973;32;31;37;42;23;4;2;35;34;972;36;24;5,1.0,,,,,,,,,,,,52.0,,23138022.0,,20241121,,,,,,,,,,,999,999,1234567,,,,commodo felis volutpat tortor pretium lacinia lacus senectus nulla tempor senectus cursus curabitur nunc morbi suscipit mi hendrerit egestas ipsum pellentesque volutpat amet lacinia risus massa phasellus ullamcorper l,,quis augue aliquet venenatis gravida fermentum aenean magnis libero platea penatibus imperdiet nullam at parturient nulla nascetur suspendisse mi rutrum ,natoque et libero non tincidunt hac platea faucibus auctor arcu lacinia sit elit lacus mollis eu phasellus felis tempor commodo lobortis morbi fringilla quam ligula elementum faucibus eu nullam,,neque amet sociis et proin magna blandit integer et augue mattis ullamcorper,,,,,,,,,,,,,,,,,,
44,BANK1LEIFORTEST12345Q61OIE86B2GNSVWUOCSRII,20241114,1,1,988,999,4,988,5,2,900,988,5,1,2,988,999,999,999,999,,999,,,,,,,,,,,,,,,,,,,20241205,,,,,,,,,,,999,999,1234567,40522201.97,,34.0,,,,,,,,,,,,,,,,,,,,,,,,
45,BANK1LEIFORTEST1234593I1G3UXDPRFGE8N7,20241115,3,1,2,11;8;7,8,900,3,3,900,900,6,2,3;2,988,988,8;3,999,999,,999,,,,,,,,,,,,,,,,,32984519.0,,20241202,,,,,,,,,,,999,999,1234567,39299958.19,334.0,,,,,,,,,,,,,,,,,,,,,,,,,
46,BANK1LEIFORTEST12345PD1EY3JDC233FOO,20241114,3,1,5,8;977;4;1,3;7,988,4,3,900,988,988,2,955;2,988,988,999,999,999,,999,,,,,,,,,,,,,,mollis praesent lacus metus volutpat libero euismod etiam aenean volutpat porttitor duis mas,,,,,20241216,,,,,,,,,,,999,999,1234567,11232985.68,,,,,,,,,,,,,,,,,,,,,,,,,,
47,BANK1LEIFORTEST12345BJGDKC2KHM6BB0,20241108,3,2,977,11;8,999,988,3,988,988,900,9,3,3,900,999,977;5;8,999,999,2.0,999,11;977,37;24;22;41;34;23;31;44;974;36;42;26;35,988.0,12;2,27;973;25;21;971;42;35;4;32,988.0,,,,,,,imperdiet purus tincidunt sed interdum posuere gravida accumsan proin maecenas adipiscing mattis habitasse eros tortor volutpat sagittis eros scelerisque gravida metus sit leo non consectetu,,,,,,20241129,iaculis natoque facilisi arcu nibh ornare mi montes quis maecenas aliquam dignissim maecenas sapien non libero ornare dignissim facilisis natoque habitant mattis diam congue magnis pharetra convallis aliquam dis fames ull,,,,,,,,,,999,999,1234567,,713.0,,lacinia nibh nisl viverra nisl tincidunt nisi elit blandit accumsan porta venenatis dictum senectus amet tincidunt quis netus netus facilisis erat tellus mauris nam mollis nullam molestie integer donec ullamcorper nisl suscipit tellus dignissim laoreet senectus molestie nisi gravida lobortis,,,,viverra lobortis tellus est id adipiscing arcu ipsum massa tristique risus elit facilisi morbi facilisi nisi ac montes molestie lacus duis dui sapien morbi maecenas nullam felis ligula tempor vitae sapien adipiscing lacus sem elementum hac a felis auct,,,congue pretium lacus magna urna pretium ante leo lacinia ultricies sed vivamus vivamus ac facilisis venenatis magna proin bibendum cursus hac tincidunt proin rhoncus nulla lectus morbi ullamcorper blandit porttitor platea dis tristique aliquet adipis,,proin nam semper leo ligula urna ullamcorper laoreet orci mauris lacus fusce sodales aliquet m,,,,,,,,,,,,,,
48,BANK1LEIFORTEST12345UIGT3VWJ,20241101,3,1,2,1;7,10;11,900,5,2,988,988,3,3,955,988,988,999,999,999,,999,,,,,,,,,,,,,,,,,22045462.0,,20241217,,,,,,,,,,,999,999,1234567,,,,,,,,,,,,,,,,,,,,,,,,,,,
49,BANK1LEIFORTEST12345R2S3HUIY5QE8SPF,20241101,3,1,7,999,999,988,2,3,900,988,1,2,1,900,999,999,3,10,3.0,900,13;11;977;12;14,988,966.0,988,36;22;42,1.0,,,,,,,,,,,,38927032.0,20241106,,377.0,,5.219,,6.799,403956.15,646837.84,435854.11,239904.94,2,1,1234567,9263473.82,,,fusce vivamus hac ultricies convallis purus luctus in ut luctus luctus dui luctus etiam non elit nunc felis penatibus duis placerat luctus penatibus venenatis aliquet vitae tincidunt tortor tortor nascetur cras pellentesque senectus platea posuere dui laoreet convallis parturient vulputate n,,,,,,,,,,,tempor ut senectus pharetra luctus porta dictumst nunc placerat viverra cursus faucibus sit et gravida nulla pharetra varius sed nisi,,,,,,,,,,,,
50,BANK1LEIFORTEST12345UY,20241029,3,2,7,999,7,988,4,2,900,900,5,3,966,900,900,999,999,999,1.0,999,11;977;2,988,966.0,,,,,,,,,,,,72.0,,,,20241224,,,,,,,,,,,999,999,1234567,27991150.65,533.0,,vulputate fusce lacinia dictumst natoque mattis semper cum tempor donec dignissim morbi bibendum bibendum ridiculus sem nunc pellentesque nam habitant ipsum vulp,,,,,,,,,,,,,,,,,,,,,,,
51,BANK1LEIFORTEST12345KC3AOEGKOLRY7M4ZEI08TTL8,20241103,2,2,8,2,11,999,4,3,988,900,5,3,3;1,900,988,999,999,999,4.0,999,14;1;12;977;13,4;35;24;32;25;43;23;31;3;21;37,966.0,988,973;27;42;43;2;44;36;41;22;31;26,966.0,966,21;1;973;32;2;3;971;5;24;22;31;34;44;33;972;25;4;42,1.0,1;12;13,31;34;21;22;4;33;26;972;2;23;43;24;1;971;37;3;42;973;32;27,988.0,,,,,,,20241103,,,,,,,,,,,999,999,1234567,,441.0,,ornare iaculis adipiscing nulla massa eu quis magnis tincidunt ultricies aenean gravida et integer etiam morbi sollicitudin quam porta nisl pharetra lorem sed hac parturient habitant phasellu,,,,,,,,,platea malesuada lobortis enim habitant iaculis ultricies ut ipsum tortor tempus metus dignissim congue aliquam eu sem et a facilisi morbi pharetra turpis metus imperdiet nunc pretium convallis felis semper mus ,,,,sed arcu arcu elementum mauris eros turpis mauris ultrices nullam vestibulum justo ultricies aliquet elit purus ac penatibus molestie suscipit blandit convallis porttitor cum metus erat tellus massa inte,facilisis semper posuere dignissim feugiat etiam cras orci viverra non semper dictumst ultricies etiam libero luctus sodales aliquam in euismod blandit odio tortor feugiat molestie dignissim dignissim montes semper faucibus vivamus duis condimentum fames imperdiet lectus place,habit,,turpis semper adipiscing nibh sit iaculis justo sagittis fames egestas tortor mi at semper euismod ultrices sodales phasellus libero quisque gravida purus felis erat enim rutrum tellus risus habitasse adipiscing ullamcorper sem,,vel leo id porta nec posuere aliquet tincidunt nibh turpis sapien suspendisse elit dictum ac magnis massa suspendisse sollicitudin rhoncus augue ullamcorper metus fusce faucibus,sit nibh magnis penatibus augue eros eleifend ante viverra praesent nulla rutrum aliquam quam massa parturient arcu integer parturient fames enim lacinia tempus magni,augue at posuere praesent aliquet in suspendisse facilisis sit ante sollicitudin elementum mi eleifend sagittis elit gravida velit arcu pharetra vitae lobortis iaculis lectus urna aliquet odio id volutpat nulla hendrerit nulla eu porttitor ridiculus male,,
52,BANK1LEIFORTEST12345HGQPPX4GPVYLEZ,20241106,4,1,977,8;9;1;977,4,900,4,988,900,988,9,3,988,988,988,999,999,999,,999,,,,,,,,,,,,,est laoreet vulputate massa justo m,diam velit risus vitae egestas tempor arcu pulvinar tempus parturient euismod pellentesque sit natoq,,,31772404.0,,20241216,,,,,,,,,,,999,999,1234567,29534988.35,,,,,,,,,,,,,,,,,,,,,,,,,,
53,BANK1LEIFORTEST12345WWHCZAU,20241124,3,1,1,2,3;10,988,1,1,988,988,2,1,955;1,900,988,999,5,5,3.0,999,977,26;22;27;4;43,966.0,12;11;14;977,27;2;974;35;34;4;25;26;33;973;23;42;41;3;5;31;22;1;972;36;24;21;32;37,988.0,,,,,,,,,,,,46054935.0,20241130,,293.0,,4.541,,,259871.42,264414.76,460670.09,,2,2,1234567,,,22.0,vestibulum morbi rhoncus magna gravida praesent tortor cum montes rhoncus placerat facilisi congue vivamus lacinia condimentum velit morbi nullam libero sen,,,,,,montes scelerisque habitant ut lobortis ultricies nisl imperdiet purus habitas,,gravida hendrerit posuere a lacinia vulputate quam montes arcu lac,maecenas est consectetur tellus enim luctus fames senectus fames molestie metus est fusce sodales mollis placerat lobortis arcu nascetur lobortis pulvinar dui maecenas tellus sagittis scelerisque ligula lacus nec proin bibendum ultrices est v,turpis senectus commodo pretium blandit lobortis montes arcu magna ,,,,,,,,,,,,,
54,BANK1LEIFORTEST12345M3IMXFRU01EIZKQMD1PNHMR,20241112,1,2,977,977;10;7,999,900,4,3,900,988,4,2,955;1,988,988,999,999,999,,999,,,,,,,,,,,,,condimentum pretium blandit mus sociis quis morbi tortor etiam mattis convallis laoreet senectus cum felis rhoncus tellus proin ligula velit a cursus sollicitudin mollis potenti varius eu malesuada in gravida tristique imperdiet senectus accumsan habitant eros aenean facilisis t,bibendum enim a nec magna enim odio bibendum massa aenean maecenas rutrum consectetur gravida pharetra orci laoreet pharetra et accumsan ante euismod mollis tellus cum nulla tincidunt cras malesuada tincidunt a feugiat sit ultricies in ligula ipsum senectus quam pretium magnis viv,,,19042011.0,,20241207,,,,,,,,,,,999,999,1234567,35700245.74,,,,,,,,,,,,,,,,,,,,,,,,,,
55,BANK1LEIFORTEST123455AX8XOJRDCSM2PPNW496S5RA,20241209,2,1,3,999,999,999,1,988,988,900,4,3,988,900,988,999,4,999,1.0,999,1,32;44;42;4;971;974;36;27;25;1;973;37;3;5;34;21;23;41;972;31;33;43;26;35;22;24,966.0,,,,,,,,,,,,,,,26518929.0,20241229,,344.0,2.345,,,,355593.15,101104.14,213918.43,,2,2,1234567,,531.0,,,ut amet molestie risus fermentum imperdiet erat ut habitasse senectus at tincidunt ultricies iaculis aenean diam elit justo pellentesque velit feugiat neque vit,pellentesque consequat scelerisque senectus in velit sem luctus purus rhoncus viverra vestibulum tempor sem at vel sed id fusce lobortis ven,aliquam ornare faucibus parturient cum praesent in ac elementum luctus a mauris eleifend hendrerit quisque neque nullam in consequat maecen,euismod sem fusce ipsum montes m,,,,,,,,,,,,,,,,,,,
56,BANK1LEIFORTEST12345PO7F0,20241123,3,1,3,1;3;5,977;2,999,2,988,900,900,988,3,988,988,900,999,1,5,,999,,,,,,,,,,,,,,,53.0,ipsum metus et luctus convallis justo tristique,,56196605.0,20241220,,,,4.51,,14.644,157440.35,344396.72,148647.02,,1,2,1234567,14843017.12,339.0,,,,,,,,,,,,,,,,,,,,,,,,,
57,BANK1LEIFORTEST123454RD7YM1T3ILGZ9G01X99K2H,20241029,2,1,1,999,2,900,5,2,900,988,4,1,2,988,900,999,999,999,,999,,,,,,,,,,,,,,,47.0,,40503856.0,,20241117,,,,,,,,,,,999,999,1234567,21694234.63,,65.0,,,,,,,,,,,,,,,,,,,,,,,,
58,BANK1LEIFORTEST123456BL2ZQB92VN39BVDLS,20241120,2,2,8,9;8;7;1,4;7,999,2,1,988,900,6,2,3;955,988,988,999,3,8,,900,,,,,,,,,,,,,,,,,,18782223.0,20241217,,335.0,,5.353,,9.788,234212.53,388611.5,298853.58,252895.56,2,1,1234567,,333.0,,,,,,,,,,,,,,,,,,,,,,,,,
59,BANK1LEIFORTEST12345PC11XD8CV1UA0N5N8JDL,20241112,3,2,977,4;1;5;9,11,900,3,988,988,988,9,988,966,988,988,3,999,999,,999,,,,,,,,,,,,,parturient maecenas laoreet elit sem penatibus nibh non venenatis cras non commodo laoreet bibendum dictum ipsum tempor condimentum mollis id risus morbi neque parturient vitae sodales pulvinar sed aliquam dui enim quisque morbi nisl habitasse sagittis consectetur laoreet fusce quis,,,,12805014.0,,20241117,,,,,,,,,,,999,999,1234567,,,,,,,,,,,,,,,,,,,,,,,,,,,
60,BANK1LEIFORTEST12345A,20241107,4,2,977,11;9,10,900,3,3,900,900,8,988,3;2,900,988,6,999,999,2.0,999,2;13;977,973;37;24;5,988.0,13,974;973,1.0,,,,,,,diam morbi vulputate urna sapien ante posuere felis montes consectetur consequat curabitur eget purus pulvinar dictumst justo iaculis penatibus volutpat integer erat tellus elem,,,,28556757.0,,20241128,,,,,,,,,,,999,999,1234567,25521065.12,521.0,,facilisi tortor quisque suscipit nascetur massa placerat duis porta ornare dictumst nulla dolor suspendisse risus ullamcorper maecenas vel vitae mus vestibulum bibendum enim non vivam,,,fusce cum curabitur ipsum vitae cum lacus convallis urna elementum convallis aliquet pulvinar sapien curabitur varius porttitor mauris rhoncus aliquet mattis at interdum cursus non urna velit erat pretium rhoncus semper elementum aenean imperdiet varius netus na,,,,,,luctus faucibus natoque lacus hac egestas id dignissim aliquam nec rutrum neque libero adipiscing non habitasse mattis parturient curabitur senectus auctor euismod aliquam tincidunt pretium tempus ultricie,suspendisse fermentum ac congue quisque tristique vulputate sodales hac senectus ligula enim laoreet orci nunc ultrices enim cras sem sem interdum porta mi diam vivamus tempor sed metus suscipit porttitor gravida quisque tempus hac nascetur ullamcorper tempor posuere habitant ,vulputate praesent venenatis morbi rhoncus integer porta semper tri,,,,,,,,,,,,
61,BANK1LEIFORTEST12345IQ5W2T2VKBR,20241028,4,2,6,5;4,988,999,4,2,900,900,5,2,3;955,900,900,999,999,999,4.0,999,11,34;974;971;44;32;42;2;41;37;35,1.0,966,966,1.0,13;977;14,25;33;37;26;21;42;973;23;24;43;1;35;34;971;5;22;2;32;44,988.0,988,32;42,988.0,,,22.0,,,,20241224,,,,,,,,,,,999,999,1234567,15508250.89,924.0,,,blandit nisl dis cum fusce ullamcorper vitae dictum est nisl suspendisse condimentum et mauris commodo ultrices vestibulum odio nullam lacinia vitae ligula curabitur,,,scelerisque consectetur magna cum venenatis vitae penatibus porttitor pretium arcu fusce mus interdum aenean tristique malesuada curabitur augue platea,in aliquam pellentesque ut fusce platea porttitor tincidunt ul,,,,,,semper elementum pharetra blandit interdum vitae tortor quisque massa pharetra rhoncus senectus volutpat lacus orci proin justo sapien at ,quis molestie velit praesent eu vitae sed dictumst nibh turpis imperdiet diam facilisis lobortis nisi cursus non facilisi ligula velit adipiscing consequat proin dui arcu hac donec lobortis eleifend nec magna m,tempor montes eu in nisl orci consectetur porta laoreet consectetur facilisis commodo c,,eros sodales ultrices posuere pretium ut eu nunc lorem dolor congue magna accumsan quisque nunc sem maecenas hac convallis viverra porttitor torto,,,,,,,,
62,BANK1LEIFORTEST12345X5D76KK35GMVOA8O3J,20241121,2,1,977,999,3;977,988,1,2,900,900,9,988,988,988,988,999,4,999,,900,,,,,,,,,,,,,dignissim pellentesque malesuada habitant suscipit sed sagittis gravida integer urna egestas magna condimentum ornare aliquet lobortis sollicitudin lacinia duis dolor pharetra tortor consec,,,lectus tempor eget parturient scelerisque etiam magnis netus condimentum proin justo amet interdum cras sagittis condimentum c,,25098572.0,20241121,,320.0,6.343,,,,195219.23,361456.76,419948.71,268008.59,1,2,1234567,36937169.38,622.0,,,,,,,,,,,,,,,,,,,,,,,,,
63,BANK1LEIFORTEST12345O7CS,20241109,3,1,977,10,977,988,3,1,900,988,5,2,2;1,900,999,8;977;9,999,999,2.0,999,14;12;1,42;41;33;21,966.0,13,27;22;973;35,1.0,,,,,,,hendrerit senectus tempus dui duis potenti faucibus vestibulum facilisis cras venenatis nulla consequat penatibus eu cum hac rhoncus venenatis augue ridiculus netus pretium dictumst malesuada sapien augue molestie urna eu sit cong,,,amet augue purus massa nisl placerat felis nam nisl ridiculus vestibulum mauris varius nisi leo praesent ultricies laoreet hendrerit vitae nisl nisi condimentum et ullamcorper tortor consectetur fringilla etiam vitae malesuada proin leo tempus molestie tempor arcu ,,,20241229,tempus commodo justo tellus accumsan orci interdum diam eget suscipit cum tortor sagittis dui convallis enim mattis cum ipsum lobortis hendrerit dignissim orci penatibus penatibus ullamcorper elementum diam im,,,,,,,,,,999,999,1234567,23249206.71,,,,,,,,,,,,ut a eros proin ac posuere sem sa,,nam facilisis risus urna pulvinar netus vulputate eros convallis facilisis lacus proin vel sociis eget velit ut senectus eu semper nisl cras condimentum volutpat pharetra faucibus urna condimentum nisl porttitor a purus ipsum nibh el,,,,,,,,,,,,
64,BANK1LEIFORTEST12345JK2IUZ4EZJX3XGPD46,20241110,1,1,977,5;7;6,999,900,2,3,900,900,1,2,1;2,988,988,999,6,999,,900,,,,,,,,,,,,,accumsan facilisi accu,,,,24946845.0,15059639.0,20241214,,323.0,5.86,,,,194062.22,452460.16,256675.02,188664.83,2,2,1234567,35624415.34,237.0,,,,,,,,,,,,,,,,,,,,,,,,,
65,BANK1LEIFORTEST12345IMADOQRFDTGK9WA7C3MC7JXOJ,20241107,2,2,6,999,5;9,999,5,3,900,900,9,2,966,900,988,999,999,999,4.0,999,1;977;13;14,25;37;1;23;35;27;21;971,966.0,12;14;13;2,988,966.0,12;2;14;11;13,24;25;2;41,966.0,988,988,1.0,,,,,,,20241222,,,,,,,,,,,999,999,1234567,21416565.77,721.0,,vel potenti fames pe,tempus facilisi curabitur magnis consectetur et sed enim elementum facilisis natoque proin risus neque faucibus lacinia volutpat bibendum aenean habitant donec tellus in ipsum nibh rhoncus suspendisse pharetra justo cum tincidunt varius vestibulum sodales dis,,,,,,,,,,,,,,,,,,,,,,erat magna congue habitant curabitur leo penatibus nam ullamcorper dictumst sociis bibendum auctor nam orci tempus curabitur nam lectus mi integer hac purus proin odio lacus ultricies risus aliquet est id cum proin porttitor dignissim placerat s
66,BANK1LEIFORTEST12345PBN6L5,20241128,4,2,5,999,988,999,5,2,900,988,6,2,3,988,900,999,999,999,,999,,,,,,,,,,,,,,,49.0,,,,20241129,,,,,,,,,,,999,999,1234567,36281618.71,,,,,,,,,,,,,,,,,,,,,,,,,,
67,BANK1LEIFORTEST12345B2DBC0QCWTJJAUYE,20241019,3,1,977,999,4,999,1,988,900,988,988,1,1;3,988,900,999,1,2,,900,,,,,,,,,,,,,fusce nulla penatibus sodales neque sagittis faucibus velit erat tortor fringilla bibendum morbi tincidunt integer velit vivamus vel bibendum suspendisse magna arcu dui a dolor lectus ,,57.0,,,19512220.0,20241111,,,,6.075,,10.394,174147.4,287085.06,280526.2,269131.72,1,2,1234567,13768028.08,,39.0,,,,,,,,,,,,,,,,,,,,,,,,
68,BANK1LEIFORTEST12345KFR6713IMMJY0BCCP,20241128,2,2,977,4;5,2,900,4,3,900,988,988,1,1;2,900,900,999,999,999,2.0,999,977,22;25;27;37;32;4;972;31;35;5;43;973;2;26;23,988.0,13;1;977;14;2,988,988.0,,,,,,,duis nibh hendrerit aliquet imperdiet imperdiet platea lacin,,74.0,,36493648.0,,20241226,,,,,,,,,,,999,999,1234567,25520383.49,,54.0,semper nunc curabitur commodo facilisi velit bibendum vi,,sagittis vel lobortis euismod morbi et laoreet nisl donec pulvinar bibendum ridiculus montes viverra eu ullamcorper dolor nascetur in vivamus laoreet in lobortis amet quam tempus convallis velit est ac ni,tempor orci tristique sagittis ultricies cum dictum placerat nisl sagittis velit maecenas urna laoreet neque habitasse ante maecenas hendrerit venenatis ipsum justo vulputate molestie proin senectus justo iacul,,,ante mus at imperdiet et ante rhoncus vitae ante suspendisse elit lorem arcu suspendisse egestas commodo ut pretium curabitur porttitor hendrerit pulvinar proin rhoncus euismod placerat dictumst eget hac massa non facilisis fames pellentesque dictumst nec proin pulvinar ,,,,,,,,,,,,,,,,,
69,BANK1LEIFORTEST12345KO72L0FUF6FDA39,20241205,3,2,988,3;7;5;6,4,999,5,1,900,900,6,1,3,988,999,999,999,999,,999,,,,,,,,,,,,,,,,,,,20241214,,,,,,,,,,,999,999,1234567,29423602.69,322.0,49.0,,,,,,,,,,,,,,,,,,,,,,,,
70,BANK1LEIFORTEST12345BXJEVFXW,20241112,3,1,977,999,977,999,1,1,988,988,7,988,3;1,900,900,999,5,10,2.0,900,977,42;37;41;1;22;21;4;974,1.0,977;12,24;22;971;3;27;43;34;44;972;35;5;36;31;26;32;42;33;37;1;4;23;973;41;974,966.0,,,,,,,cras posuere integer nascetur non dictumst erat vulputate ac condimentum gravida laoreet mattis integer quisque nibh fringilla proin diam iaculis accumsan quam elit consectetur euismod libero ,,89.0,eu sit semper maecenas nulla consectetur,,24359137.0,20241207,,427.0,,7.52,,,414691.04,150107.1,200393.03,260081.83,1,1,1234567,,,,netus nascetur eleifend sed ligula eleifend nibh quisque magnis quam bibendum turpis quisque platea tristique aenean magnis odio quis pharetra dictum tristique congue imperdiet p,,,,sollicitudin porttitor adipiscing mi penatibus lobortis erat diam fauc,fermentum ante potenti nisl purus etiam adipiscing erat diam convallis ullamcorper tor,pharetra enim dui et justo nunc eleifend dictumst integer sagittis phasellus praesent euismod purus purus hac erat luctus potenti accumsan posuere vel eget au,ullamcorper lobortis ridiculus nullam curabitur nisl suscipit pulvinar aliquet libero arcu non habitant volutpat facilisis nam at donec blandit mattis tempor blandit senectus pharetra nisl montes nisl gravida eleifend commodo viverra lacus quisque feugi,lobortis mus rutrum mus morbi malesuada eget phasellus ligula ipsum lobortis urna morbi viverra tellus ullamcorper potenti quis vivamus a laoreet ligula venenatis nisi consectetur dui varius orci felis dis erat nulla massa duis nulla,maecenas rutrum fames condimentum ipsum amet leo adipiscing nisi lobortis purus mauris a eget magna tincidunt sagittis habitasse varius urna proin blandit vulputate orci lobortis pretium sapien tempor se,consequat sodales orci feugiat gravida mauris purus malesuada d,,,,,,,,,,,,,
71,BANK1LEIFORTEST123457TLAY7W3IS1RF2NVAVT27WFYJ,20241113,3,1,1,999,2,988,2,3,900,900,9,3,966,900,900,999,4,999,1.0,999,1;2;14,27;37;36;2;23;22;41;974;42;31;973;34;26;5;24;972;4;44;33;43;21;3;32,966.0,,,,,,,,,,,,41.0,,,21775019.0,20241225,,181.0,6.169,,,,219720.71,284989.28,184433.6,,2,2,1234567,24466166.95,493.0,,,,morbi lorem eleifend facilisi lorem laoreet potenti mollis eu donec id volutpat dolor imperdiet parturient nisi lobortis lacinia tincidunt sagittis urna convallis ,morbi mattis platea proin auctor mauris cursus lacini,feugiat eget nascetur bibendum volutpat fermentum dolor est ridiculus elementum mus integer lacus penatibus molesti,,,,,,,,,,,,,,,,,,,
72,BANK1LEIFORTEST12345WZPC07JBJB48MJ8KT0,20241123,2,1,977,10;8;7;3,11;1,999,1,1,900,900,5,988,1;955,900,900,999,6,999,3.0,900,966,5;4;971;43;25;23;972;973;37;35;42;3,966.0,11;1;13;12,966,966.0,,,,,,,suspendisse tincidunt suscipit et dignissim facilisis praesent sociis leo fermentum scelerisque habitant nulla curabitur netus vel tristique lacinia urna cras elit nec vulputate sit est libero sollicitudin dictumst quam suspendi,,58.0,,,55103969.0,20241227,,306.0,6.65,,,,411291.5,366312.16,92290.64,386568.85,1,1,1234567,29950831.92,112.0,,,pharetra elit sed est arcu praesent lobortis malesuada turpis cursus parturient malesuada consequat fringilla ipsum imperdiet amet habitant velit fermentum pretium aenean ligula odio curabitur natoque porttitor ultrices proin facilisi sapien ,pharetra mi ligula platea vestibulum cum commodo ultrices justo justo tellus in pharetra phasellus duis nullam nullam ullamcorper at sociis mollis mattis gravida aenean parturient commodo pretium purus condimentum ullamcorper lectus hendrerit purus mi magnis facilisi auc,dis nibh magnis eget feugiat adipiscing aenean mauris ut tellus accumsan tellus ac faci,,,,,,,,,,,,,,,,,,,,
73,BANK1LEIFORTEST12345WRCSE7B5P4L,20241105,3,1,977,999,977;3,988,2,2,988,988,9,1,955;2,988,900,999,1,4,,900,,,,,,,,,,,,,iaculis tellus iaculis cum ante congue purus porta sodales fringilla euismod iaculis dolor lobort,,89.0,sollicitudin mollis venenatis amet dolor quam accumsan mollis urna nisi neque augue tortor nascetur rutrum dictum non pulvinar amet parturient tortor pellentesque pretium non id aliquam ipsum risus libero fames accumsan viver,,30907419.0,20241128,,,,8.382,,10.699,264737.36,179984.56,313021.58,395248.22,2,1,1234567,,,35.0,,,,,,,,,,,,,,,,,,,,,,,,
74,BANK1LEIFORTEST12345SDD6QK90WWEEXAWTP,20241021,2,2,5,999,1;3,999,1,2,900,988,3,2,1,900,988,999,1,7,1.0,999,11;1;12;13,26;33;4;25;36;42;3;974;972;31;23;973;971;44;32;21;22;5;34;43;41;1,1.0,,,,,,,,,,,,,,,48805094.0,20241112,,,,5.1,,8.695,164995.6,419110.53,529784.15,,2,2,1234567,27248467.43,,,,egestas augue habitant nibh ut nulla eleifend purus magnis cum lacinia lacus suscipit eros non senectus vulputate bibendum parturient justo posuere blandit suspendisse eros faucibus laoreet sapien metus pharetra urna ridiculus montes suspendisse rutrum a commodo tincidunt arcu interdum ju,orci pulvinar nisl mattis turpis odio nibh dui iaculis facilisis adipiscing molestie laoreet senectus cum ornare accumsan porttitor orci luctus velit iaculis vulputate integer maecenas tortor habitant mattis,rhoncus luctus integer mattis diam quis odio sagittis hac potenti dis erat tempor sodales tristique dictumst lacus commodo ultricies nec at amet pharetra erat amet nunc est ante dui nascetur hac eu accumsan quam fusce tempor auctor sociis id qu,dolor penatibus neque dignissim pulvinar mattis mollis a scelerisque venenatis risus mus ultricies vel nullam et iaculis lobortis lorem ,habitant quam proin habitasse turpis sollicitudin ultrices scelerisque cras metus enim porttitor donec netus accumsan curabitur nulla venenatis turpis neque habitasse neque mattis nam pulvinar fames ornare pharetra nam fames orci volutpat vulputate consequat curabitur,,,,,,,,,,,,,,,,,,
75,BANK1LEIFORTEST123457G5SG077EM56MG8H4IKO5O,20241115,3,1,977,10,9;3,900,4,1,900,988,988,988,1,900,999,999,999,999,2.0,999,13;2,42;974;23;2;35;31;32;24;41;22;36;21;972;43;1;26;971;973;5;33;44;37;27;4;34;25,988.0,977;14;1,966,1.0,,,,,,,placerat leo nisl facilisi erat interdum suspendisse proin duis sociis duis integer consequat montes ante fames ante viverra semper id eleifend cum id volutpat luctus sem eu venenatis quis quam varius erat dictum,,,,34831920.0,,20241227,,,,,,,,,,,999,999,1234567,18081363.82,,,,blandit turpis semper proin eu erat tincidunt cum habitasse augue tincidunt orci laoreet quis pulvinar ligula dictumst ligula sollicitudin varius viverra posuere feugiat tortor dis sodales semper fames habitant pretium ligula pellentesque netus pharetra mauris auctor s,eu id fames egestas tempus magnis volutpat sem ul,habitasse vivamus cursus neque mattis eu augue mus venenatis massa etiam posuere odio ,semper nullam eleifend sed mi tincidunt dignissim sed tincidunt fringilla amet hac blandit nascetur platea ante eros done,,ultricies varius erat placerat ligula erat ves,,,,,ante nec euismod pellentesque placerat sit etiam ultricies ridiculus fusce porttitor sollicitudin quis nullam ullamcorper non ipsum mollis nascetur sollicitudin turpis pretium sagittis proi,,,,,,,,,,,,
76,BANK1LEIFORTEST123458SSHL6TRAS,20241104,3,1,977,8;1,977,999,5,1,900,900,988,3,988,900,999,999,999,999,2.0,999,977,988,966.0,13;2;12;977;11,36;3;34;22;2;1;972;973;974,1.0,,,,,,,rutrum pretium porttitor et ornare auctor a praesent est ante ultricies commodo a placerat fringilla sagittis turpis mus amet id dictumst turpis auctor neque vulputate metus senectus eu mauris c,,,ligula vestibulum ligula nam nam venenatis quisque eros purus dolor non tortor lobortis convallis egestas elit sem dictum sapien ullamcorper feugiat dignissim digniss,,,20241107,,,,,,,,,,,999,999,1234567,42700098.0,325.0,,fringilla bibendum dui natoque et lacus hac penatibus nam elementum faucibus tincidunt mauris mi eros erat habitasse magnis aliquet augue eros magnis rhoncus ridiculus in semper duis dui potenti donec urna proin habitasse magna conva,,,,,,quam suscipit gravida luctus arcu est lacus commodo tempus pellentesque phasellus ipsum purus proin laoreet potenti sodales senectus sapien sollicitudin consectetur tortor egestas mus sed nunc sapien laoreet aliquam pretium ac cras nulla hac dignissim placerat id luctus cum lect,,accumsan morbi sagittis habitasse integer faucibus molestie quam facilisis risus non tellus scelerisque lobortis amet cursus cum hac nibh v,commodo vitae viverra tortor scelerisque suspendisse hac id condimentum lacus blandit arcu sodales montes non rhoncus penati,nulla penatibus turpis neque enim vulputate congue platea eros sodales facilisi pellentesque lectus a duis volutpat pretium malesuada scelerisque tortor facilisis erat eni,massa facilisis feugiat sollicitudin ridiculus cursus tincidunt maecenas dictum dictumst lacus nam ipsum lectus nulla mattis velit scelerisque elit natoque cras sem pulvinar odio dictumst pellentesque ultrices ,,,,,,,,,,,,
77,BANK1LEIFORTEST12345NWMPF0XTJHBP,20241122,3,1,5,9;7;2,4;6,988,3,3,988,900,7,988,2,988,900,977;1,999,999,,999,,,,,,,,,,,,,,,40.0,,,,20241219,quis ut hendrerit fames velit felis felis vitae habitasse magnis rhoncus ornare gravida arcu erat diam velit duis accumsan sodales tincidunt nisi habitasse tortor ut facilisis consectetur rhoncus velit nam ante vestibulum semper vitae hendrerit neque augu,,,,,,,,,,999,999,1234567,,813.0,,,,,,,,,,,,,,,,,,,,,,,,,
78,BANK1LEIFORTEST12345FASTT49G0,20241111,3,1,977,6;10;2,8,999,4,2,900,988,988,1,966,988,999,999,999,999,,999,,,,,,,,,,,,,euismod mattis varius nec id ullamcorper varius ultrices mi tristique vulputate placerat viverra penatibus tellus aenean elementum accumsan lectus dui quam erat eleifend elementum ligula nam feugiat sceler,,,,,,20241120,,,,,,,,,,,999,999,1234567,32688026.14,,64.0,,,,,,,,,,,,,,,,,,,,,,,,
79,BANK1LEIFORTEST12345RQEQ,20241122,3,1,4,9,988,999,5,988,988,988,8,988,1;3,988,988,999,999,999,,999,,,,,,,,,,,,,,,,,,,20241126,,,,,,,,,,,999,999,1234567,,,,,,,,,,,,,,,,,,,,,,,,,,,
80,BANK1LEIFORTEST12345HL5BD0YVW,20241110,3,2,977,1;977,11,999,4,1,988,900,8,3,966,900,900,999,999,999,0.0,999,,,,,,,,,,,,,nullam feugiat massa ornare metus habitasse duis orci pellentesque pretium proin consequat congue dictumst ante amet donec dolor nam purus justo tempor vivamus iaculis quisque eu mi eget tellus quam ipsum am,aenean ornare porttitor scelerisque fermentum scelerisque viverra ultricies senectus dui platea augue accumsan lorem imperdiet morbi imperdiet,64.0,,,,20241230,,,,,,,,,,,999,999,1234567,,313.0,,,,,,,,,,,,,,,,,,,,,,,,,
81,BANK1LEIFORTEST123455QNO4WPFYDEIDQFV7A7T,20241119,2,2,977,10,3,900,2,988,988,988,9,988,1;3,900,900,999,2,999,3.0,900,12;977;13;14;2,3;22;25;41;32;34;974,966.0,1;2;12,43;5;24;3;42;25;35;973;41;21;26;974;31,966.0,,,,,,,turpis lorem cras sapien felis vel morbi laoreet velit mi sapien posuere dignissim cum donec amet euismod in nisl morbi tellus etiam lorem ut senectus ultrices turpis egestas molestie orci aenean at vel mattis sodales sapien dolor a cum dui eros suspendisse ,,70.0,,32393511.0,47812734.0,20241213,,,12.017,,,,199272.02,399644.31,288023.16,277164.64,2,1,1234567,,,,placerat enim bibendum blandit consequat mollis consequat fringilla facilisi placerat vitae volutpat nunc vivamus convallis hendrerit dolor nam facilisi volutpat commodo dis tincidunt habitasse tempor erat id pharetra tincidunt fringilla turpis dignissim di,,,,facilisi arcu et nisi felis praesent senectus penatibus sagittis senectus placerat fringilla elementum ornare phasel,,,,,pellentesque praesent arcu pr,eleifend sociis hac nisl elit felis consequat cum volutpat id cras at aliquet condimentum parturient facilisi laoreet vulputate parturient quam eget pretium venenatis praesent ante mollis facilisi dis quisque erat quisque blandit mauris ligula ,,,,,,,,,,,,,
82,BANK1LEIFORTEST123455TU9GAARC8JL9OWLN93GMS,20241121,4,2,4,2;6,977;6,999,3,3,988,900,6,1,955,988,999,4;2,999,999,,999,,,,,,,,,,,,,,,,quisque quis rhoncus nisi convallis velit faucibus aliquet faucibus morbi sagittis mauris dui suscipit ultrices tempor magna massa eget est donec amet tempus lacus egestas urna eget hendrerit natoque nullam s,,,20241204,,,,,,,,,,,999,999,1234567,,561.0,66.0,,,,,,,,,,,,,,,,,,,,,,,,
83,BANK1LEIFORTEST12345MVIG40N8YGHY5KDSSM0FOU1,20241110,3,2,977,4,988,999,4,3,900,900,9,1,955;3,900,988,999,999,999,1.0,999,12,35;37;36;23;4;971;32;25;1;34;26,966.0,,,,,,,,,,cras malesuada nibh massa egestas massa placerat eu pulvinar justo cum nisl turpis luctus leo aliquet condimentum a hendrerit habitasse varius penatibus eget hac lacus parturient posuere rhoncus ridiculus mus id dignissim nisi eros maecenas,,,,,,20241228,,,,,,,,,,,999,999,1234567,6048020.93,331.0,73.0,,enim tempor nisi curabitur risus dui eget senectus orci luctus justo magnis felis ante morbi facilisis tellus malesuada varius placerat nec quis cras nisl cum suscipit rhoncus laoreet ac phasellus mi scelerisque scelerisque pharetra et penatibus ac nunc nullam ,,,,,,,,,,,,,,,,,,,,,,
84,BANK1LEIFORTEST123456WW9R,20241105,2,1,977,1;7;5,4,988,1,3,988,900,2,3,966,988,900,999,4,999,,900,,,,,,,,,,,,,purus justo quam adipiscing ultrices magna mauris ipsum quam aliquet praesent odio duis porttitor vitae imperdiet nascetur ,,50.0,,,28358470.0,20241224,,222.0,7.862,,,,155669.66,225476.48,840284.31,283762.57,2,1,1234567,,532.0,,,,,,,,,,,,,,,,,,,,,,,,,
85,BANK1LEIFORTEST12345WJE5WNPPKVAYWWO5JGB0K4CXU,20241109,3,1,977,2;8;5;4,1;9,999,5,2,988,988,1,2,955;3,900,999,999,999,999,2.0,999,2;14;11;1,34;25;31;32;33;2;974;5;42;4;41;27;24;35;44,966.0,1;11;14,37;41;35;22;23;5;21;44;25;972;4;2,988.0,,,,,,,bibendum nec dui viverra consectetur quam mattis nisi erat eleif,,,,,,20241213,,,,,,,,,,,999,999,1234567,,,,,,,,ultrices leo suspendisse malesuada tincidunt id purus fames nullam sollicitudin risus magnis vitae lacus cum laoreet tempus mus aenean habitant cursus pulvinar libero mi fringilla iaculis mus odio mauris fringilla feugiat dictumst pretiu,,,,id pulvinar ut montes rhoncus nullam mus blandit suscipit soll,,,,,,,,,,,,,,,
86,BANK1LEIFORTEST12345H,20241108,2,2,988,2;9;6;11,9;977,999,3,988,900,988,4,988,2;1,900,999,3;8;2,999,999,3.0,999,13;12,33;2;32;26;22;973;34;972;44;42;4;23;25;971;974;5,1.0,977;1;14,27;974;32;972;973;21;42;34;31;971;43;25;5;1,1.0,,,,,,,,,,varius dis hac magna curabitur neque habitasse id pulvinar potenti amet donec eleifend ultrices ultr,,,20241112,,,,,,,,,,,999,999,1234567,20044267.99,,,,feugiat scelerisque dis gravida tortor dignissim enim nullam felis ultrices vitae inte,vulputate posuere velit cras ullamcorper cum dictumst suspendisse cum porta integer quisque tempor rhoncus vel luctus ridiculus augue nec proin nam lacus nam ,urna gravida et viverra at nam nisi orci adipiscing morbi diam molestie egestas montes morbi viverra lectus vivamus maecenas elementum cras enim nascetur pharetra egestas nibh luctus purus venenatis enim non fringilla dolor iaculis felis ligula vulputate ph,senectus tempus cum pharetra ligula lacus mauris accumsan magnis lobortis elit laoreet sapien ipsum posuere suscipit turpis dignissim tempor semper iaculis non ridiculus turpis quam hac gravida sagittis cum fusce erat id interdum feugiat sapien purus dignissim lorem ipsum suspendisse fus,tortor phasellus neque eget ligula nisl et tortor integer fusce elit dictumst cursus vulputate lacus vitae praesent a aliquam auctor quam penatibus feugiat porta penatibus neque dignissim sociis cras pretium duis ornare phasellus imperdiet,scelerisque purus sollicitudin faucibus fusce interdum ut posuere ligula dictum quisqu,sapien volutpat consectetur purus tempor mus risus hac rhoncus rutrum tincidunt tristique curs,eu nam metus vivamus lobortis eu habitasse purus turpis orci ante semper donec nunc senectus nisl metus facilisi velit feugiat porttitor nisi non in dui parturient varius porta cursus cras condimentum lacinia orc,molestie erat suspendisse felis facilisi imperdiet porta pellentesque aliquam dictumst consectetur leo varius velit nibh bib,phasellus hendrerit mollis vestibulum fusce alique,proin tortor praesent vitae est integer molestie elementum nascetur consequat metus accumsan ultrices erat dui tempus sit magnis malesuada nec tortor lobortis congue luctus urna eros erat metus nisi dis arcu porttitor sodales nec consectetur turpis consectet,,,,,,,,,,,,
87,BANK1LEIFORTEST12345JFGCSSC,20241113,3,1,977,7;10;9,6;977,999,3,2,900,988,1,3,1;955,988,900,2,999,999,,999,,,,,,,,,,,,,interdum pretium massa est pretium phasellus dictum tellus id tempus dictumst eros urna at odio gravida ,,69.0,pellentesque platea enim nisi dis orci tincidunt tortor rhoncus nisi purus sem pellentesque iaculis odio adipiscing euismod montes at porta ultrices sapien suspendisse congue vitae nibh nibh ridiculus urna pellentesque sed l,,,20241118,,,,,,,,,,,999,999,1234567,38783456.18,,,,,,,,,,,,,,,,,,,,,,,,,,
88,BANK1LEIFORTEST123454JQ274VC,20241116,3,2,977,999,6,900,3,988,900,900,988,2,1;955,900,999,3;7;5,999,999,0.0,999,,,,,,,,,,,,,scelerisque enim sapien pretium fermentum proin a vol,,,,24684229.0,,20241119,,,,,,,,,,,999,999,1234567,19952417.78,922.0,,,,,,,,,,,,,,,,,,,,,,,,,
89,BANK1LEIFORTEST123450K4A,20241026,2,1,977,999,977;7,999,4,1,900,900,9,2,1;2,900,900,999,999,999,3.0,999,12;1;14,988,988.0,2,23;24;31;971;26;973;36;3;27;25;33;21,966.0,,,,,,,nullam gravida semper lig,,56.0,parturient est viverra molestie laoreet mauris fames metus a tellus fusce nisl nibh consectetur ac molestie eget molestie convallis cursus senectus vivamus hendrerit dolor vestibulum accumsan id sollicitudin molestie diam rutrum eu ,,,20241128,,,,,,,,,,,999,999,1234567,19885108.44,712.0,,,,,,,,,donec rhoncus laoreet erat penatibus a ridiculus consectetur morbi venenatis suspendisse duis laoreet nascetur egestas vivamus leo sed tellus at aliquet cursus suscipit ,,velit duis ornare nisl velit ridiculus hac tincidunt fringilla vene,,,,,,,,,,,,,,
90,BANK1LEIFORTEST12345FKNM5DUE,20241020,3,1,2,8;9;2,2,999,2,3,988,900,988,1,1;3,900,988,999,6,999,3.0,999,1;2,37;35;33;32;26;44;43;4;22;2;973;31;25;3;1,966.0,11;2;13;12,35;26;31;32;41;5,966.0,,,,,,,,,,,,22519189.0,20241211,,342.0,7.303,,,,171284.97,384890.6,291529.84,,1,2,1234567,,484.0,43.0,,,,dignissim pharetra placerat sem sit leo vestibulum nascetur feugiat pretium morbi laoreet neque leo dignissim elit semper dui feugiat dignissim eu fermentum mollis dolor l,,,,,,,,,,,,,,,,,,,,
91,BANK1LEIFORTEST12345R82UGDD2K3TS301,20241117,4,1,7,7;11,988,900,4,988,900,900,1,1,955,988,999,999,999,999,,999,,,,,,,,,,,,,,,,,13614518.0,,20241229,,,,,,,,,,,999,999,1234567,21880689.09,424.0,63.0,,,,,,,,,,,,,,,,,,,,,,,,
92,BANK1LEIFORTEST12345XVYAWYUPTD5ISP,20241204,3,2,5,6,7;9,999,3,3,900,900,7,1,1,900,999,4;7,999,999,3.0,999,14;11;13;2;977,21;26;971;33;23;42;41;37;43;22;34;2;44;31;25;3,966.0,988,5;23;42;43;21;971;974;27;37,1.0,,,,,,,,,,,,,20241208,,,,,,,,,,,999,999,1234567,31808215.84,722.0,45.0,odio metus ultricies aliquet laoreet leo egestas elit magna non in sem sit placerat diam blandit ullamcorper integer penatibus sit metus facilisi gravida tincidunt praesent ante auctor commodo dis vestibulum egestas quisque nascetur sollicitudin dui etiam et ultrices null,habitant posuere faucibus sem ullam,,,,,,nisl venenatis placerat leo nisl potenti massa sem nunc hendrerit diam molestie fusce ante donec semper tempor scelerisque porta faucibus tincidunt amet ,,,viverra luctus cursus quis fusce in bibendum tortor cursus pretium quis sodales mat,dis sit platea lacus fringilla maecenas congue id mollis cursus dis et accumsan potenti eget pretium mi mollis phasellus maecenas venenatis rhoncus nulla aliquet fermentum nam donec ultricies sapien ,,,,,,,,,,,,
93,BANK1LEIFORTEST12345FL39DDZ22QN0YACXZW9,20241209,3,2,4,999,2;10,999,2,988,988,900,5,988,988,900,988,999,3,4,2.0,999,11;13,4;5;22;37;24;43;33;32;1;27;35;974;971;3;25;42,988.0,1;977;12;11;2,988,1.0,,,,,,,,,,,,63057231.0,20241221,,304.0,,3.053,,11.248,133661.31,237611.99,271649.83,,1,2,1234567,,924.0,,,eget venenatis malesuada lacus cum commodo volutpat ac lectus ,,,pellentesque habitasse ante nisl accumsan ligula sociis fusce ridiculus enim vel proin enim mattis curabitur dui eu penatibus aliquam adipiscing euismod ,,amet rhoncus ornare eros interdum nascetur morbi etiam eget mi eu vitae phasellus sed eleifend orci nisi non ligula lacus viverra placerat sapien dui porttitor ligula commodo magnis commodo neque tellus aenean tincidunt massa tempor integ,,,,,phasellus nulla commodo integer volutpat varius facilisis justo porta ridiculus nisi morbi sagittis ligula magna mollis sollicitudin arcu consequat interdum sodales consequat parturient mauris nunc hendrerit hac proin eget co,,,,,,,,,,,,
94,BANK1LEIFORTEST12345XTE0LEGIJL,20241123,4,2,977,7,10;9,900,2,3,988,988,9,3,988,988,999,999,2,999,,900,,,,,,,,,,,,,vestibulum sodales lorem diam fauci,,,,27129456.0,48676028.0,20241216,,,5.832,,,,352616.43,160866.93,350701.01,497463.07,2,1,1234567,,,,,,,,,,,,,,,,,,,,,,,,,,,
95,BANK1LEIFORTEST12345N9B,20241114,4,2,5,9,1;10,900,3,3,900,900,3,1,966,900,900,5;3;7,999,999,1.0,999,13;12;11;1;14,41;34;37;4;25;21;971;2;42;27;44;26;973;31;5;1;43,1.0,,,,,,,,,,,,37.0,,23088044.0,,20241208,,,,,,,,,,,999,999,1234567,18311877.62,721.0,40.0,,natoque cras massa erat habitass,,eu imperdiet eleifend cum proin justo ,,a duis bibendu,,,,,,,,,,,,,,,,,,
96,BANK1LEIFORTEST1234573N7,20241226,1,1,1,7;8;6,977,988,1,988,900,900,2,2,3;2,988,900,999,1,8,,999,,,,,,,,,,,,,,,78.0,penatibus tempus tellus suscipit vel consectetur velit vitae habitasse libero suspendisse suspendisse nu,,19117406.0,20241230,,,,3.956,,4.886,214617.75,228055.23,333279.89,,1,1,1234567,25515263.11,457.0,,,,,,,,,,,,,,,,,,,,,,,,,
97,BANK1LEIFORTEST123456YNM3L8,20241224,3,1,988,10;4;6;3,4;5,999,2,3,988,988,8,3,1;955,900,999,999,1,977,2.0,999,1;14;11;977,974;33;35;5;3;32;34;44;26;21;4;2;25;23;36;43;22;973;971;31,988.0,14;13;12,3;21;4;33;41;23;35;32;24;25;27;971;972;44;2;43;36;974;5;31;37;1;42;34;22;973,1.0,,,,,,,,,,,,12461699.0,20241227,,,,5.784,nam eu quam egestas pretium a magna vulputate orci sagittis dolor condimentum arcu egestas donec ligula elementum dis dictum senectus urna senectus vitae eu elit ut lorem dictum habitasse rhoncus felis mi laoreet porta cum aliquet fringilla amet erat tellus potenti sed non s,3.542,157233.04,206971.59,482700.23,,2,2,1234567,,,,volutpat habitasse mollis elementum a cursus natoque cum tellus sem platea aliquet bibendum etiam metus nisi nascetur mauris hac habitant mi interdum vivamus eget tellus nascetur tellus dis at fr,amet dui odio nec phasellus habitasse pharetra porta tempor integer rhoncus vitae nam dictum eros suscipit a nascetur rutrum neque dui senectus id gravida eu vestibulum accumsan sagittis vestibulum neque aenean facilisi aenean magnis cras egestas blandit placerat facilisis ultrices netu,,suspendisse dis arcu tellus urna turpis fermentum ullamcorper turpis sagittis iaculis cum duis velit posuere non etiam duis risus ligula cum porttitor tempus morbi tempor enim elementum consectetur netus egestas diam fermentum tristique viverra ar,elementum tortor in rhoncus quisque etiam facilisis erat eleifend habitant augue vitae etiam magnis est dictumst mus nunc euismod neque mattis porttitor cursus egestas erat sem auctor ultrices nec dignissim nibh platea ipsum cras facilisi sociis elit blandit porttitor d,,,in ipsum pulvinar platea ullamcorper se,nullam sapien diam integer nullam facilisis platea risus digniss,volutpat nunc elementum porttitor congue scelerisque aliquet velit euismod,cum laoreet tincidunt commodo morbi lacinia pretium praesent magnis egestas et turpis suscipit duis orci pellentesque at in pellentesqu,suspendisse augue ridiculus gravida fringilla accumsan auctor egestas phasellus tortor proin parturient eleifend ultrices sapien interdum suscipit metus auctor metus leo pulvinar consequat imperdiet sagi,,,,,,,,,,,,
98,BANK1LEIFORTEST12345R7ZQDB0PB9US,20241105,1,2,977,8;4;1;3,999,988,4,2,900,900,5,3,2,900,999,999,999,999,2.0,999,966,33;2;5;32;24;35;972;34;4;25;36;3,1.0,977;2;13;14;1,44;32;41;4;23;22;26;973;31;37;972,988.0,,,,,,,viverra dictum tortor vulputate leo mi proin cras dis mollis dis eu malesuada aliquet mollis ullamcorper commodo montes euismod viverra pharetra parturient in aliquam praesent gravida eros pretium cum hendrerit nec quisque nascetur pulvinar vitae commodo consectetur id quisque con,,,,,,20241107,,,,,,,,,,,999,999,1234567,19291829.92,813.0,,,,consequat magna et aenean bibendum montes habitant nam placerat rutrum blandit gravida rhoncus consectetur dolor dignissim proin aliqu,,,morbi ligula dolor ridiculus ultrices vitae ridiculus hendrerit id porttit,sapien od,,feugiat congue erat parturient erat laoreet facilisis felis augue habitant pulvinar risus integer morbi blandit tellus dolor luctus libero a nec lacus neque ullamcorper blandit dis viverra consequat orci curabitur mus diam tortor est massa phasellus viverra eros tempus vulputate pur,nec ligula lectus velit vel hac pulvinar urna vitae mi lobortis adipiscing libero purus tristique neque ultricies nascetur penatibus amet sagittis sem in nulla semper nascetur augu,,,,,,,,,,,,,,
99,BANK1LEIFORTEST123451,20241109,4,2,977,1,8;2,999,5,1,988,988,7,3,2;3,900,988,999,999,999,0.0,999,,,,,,,,,,,,,egestas placerat ligula lorem habita,,,,,,20241110,,,,,,,,,,,999,999,1234567,,,,,,,,,,,,,,,,,,,,,,,,,,,
